n,a,cds_violated,total,discarded,timeouts,crashes,checked,A_fail,B_fail,C_fail,equal,strict,slack_mean,slack_median,slack_max
2,"[2,2]",false,15,6,0,0,9,0,0,0,9,0,0.0,0.0,0.0
2,"[2,3]",false,15,7,0,0,8,0,0,0,5,3,0.75,0.0,2.0
2,"[2,4]",false,15,2,0,0,13,0,0,0,11,2,0.3076923076923077,0.0,2.0
2,"[2,5]",false,15,8,0,0,7,0,0,0,6,1,0.2857142857142857,0.0,2.0
2,"[3,3]",false,15,3,0,0,12,0,0,0,12,0,0.0,0.0,0.0
2,"[3,4]",false,15,5,0,0,10,0,0,0,5,5,1.0,1.0,2.0
2,"[3,5]",false,15,6,0,0,9,0,0,0,4,5,1.1111111111111112,2.0,2.0
2,"[4,4]",false,15,6,0,0,9,0,0,0,8,1,0.2222222222222222,0.0,2.0
2,"[4,5]",false,15,8,0,0,7,0,0,0,3,4,1.4285714285714286,2.0,4.0
2,"[5,5]",false,15,6,0,0,9,0,0,0,3,6,1.3333333333333333,2.0,2.0
3,"[2,2,2]",false,15,9,0,0,6,0,0,0,5,1,0.3333333333333333,0.0,2.0
3,"[2,2,3]",false,15,7,0,0,8,0,0,0,2,6,2.25,2.0,6.0
3,"[2,2,4]",false,15,7,0,0,8,0,0,0,1,7,3.75,4.0,6.0
3,"[2,2,5]",false,15,10,0,0,5,0,0,0,0,5,6.8,6.0,12.0
3,"[2,3,3]",false,15,8,0,0,7,0,0,0,3,4,2.5714285714285716,2.0,6.0
3,"[2,3,4]",false,15,7,0,0,8,0,0,0,1,7,6.25,6.0,10.0
3,"[2,3,5]",false,15,6,0,0,9,0,0,0,0,9,10.88888888888889,10.0,14.0
3,"[2,4,4]",false,15,8,0,0,7,0,0,0,1,6,5.714285714285714,6.0,10.0
3,"[2,4,5]",false,15,6,0,0,9,0,0,0,0,9,8.88888888888889,8.0,14.0
3,"[2,5,5]",false,15,10,0,0,5,0,0,0,0,5,9.6,10.0,14.0
3,"[3,3,3]",true,15,9,0,0,6,0,0,0,3,3,3.3333333333333335,3.0,8.0
3,"[3,3,4]",false,15,8,0,0,7,0,0,0,0,7,9.428571428571429,10.0,12.0
3,"[3,3,5]",false,15,10,0,0,5,0,0,0,1,4,7.6,10.0,12.0
3,"[3,4,4]",true,15,6,0,0,9,0,0,0,0,9,13.11111111111111,14.0,18.0
3,"[3,4,5]",false,15,7,0,0,8,0,0,0,4,4,8.0,1.0,22.0
3,"[3,5,5]",true,15,10,0,0,5,0,0,0,1,4,12.4,14.0,20.0
3,"[4,4,4]",true,15,7,0,0,8,0,0,0,0,8,12.75,14.0,18.0
3,"[4,4,5]",true,15,8,0,0,7,0,0,0,0,7,14.857142857142858,14.0,24.0
3,"[4,5,5]",true,15,5,0,0,10,0,0,0,1,9,16.6,18.0,26.0
4,"[2,2,2,2]",true,15,10,0,0,5,0,0,0,1,4,2.8,4.0,4.0
4,"[2,2,2,3]",false,15,12,0,0,3,0,0,0,0,3,18.666666666666668,18.0,20.0
4,"[2,2,2,4]",false,15,10,0,0,5,0,0,0,1,4,6.4,2.0,18.0
4,"[2,2,2,5]",false,15,9,0,0,6,0,0,0,0,6,35.0,35.0,44.0
4,"[2,2,3,3]",true,15,8,0,0,7,0,0,0,1,6,19.142857142857142,20.0,28.0
4,"[2,2,3,4]",false,15,10,0,0,5,0,0,0,1,4,26.0,34.0,44.0
4,"[2,2,3,5]",false,15,12,0,0,3,0,0,0,0,3,32.0,34.0,36.0
4,"[2,2,4,4]",true,15,8,0,0,7,0,0,0,0,7,39.142857142857146,40.0,56.0
4,"[2,2,4,5]",false,15,8,0,0,7,0,0,0,0,7,53.42857142857143,52.0,66.0
4,"[2,2,5,5]",true,15,7,0,0,8,0,0,0,0,8,63.5,65.0,74.0
4,"[2,3,3,3]",true,15,8,0,0,7,0,0,0,1,6,17.428571428571427,22.0,30.0
4,"[2,3,3,4]",true,15,7,0,0,8,0,0,0,0,8,31.25,38.0,48.0
4,"[2,3,3,5]",false,15,7,0,0,8,0,0,0,0,8,50.25,46.0,74.0
4,"[2,3,4,4]",true,15,10,0,0,5,0,0,0,0,5,46.4,52.0,68.0
4,"[2,3,4,5]",true,15,8,0,0,7,0,0,0,0,7,71.14285714285714,70.0,94.0
4,"[3,3,3,3]",true,15,9,0,0,6,0,0,0,0,6,31.333333333333332,32.0,40.0
4,"[3,3,3,4]",true,15,8,0,0,7,0,0,0,0,7,60.0,56.0,80.0
