n,a,kind,total,discarded,timeouts,crashes,checked,A_fail,B_fail,C_fail,equal,strict,slack_mean,slack_median,slack_max
3,[2],generic,5,0,0,0,5,0,0,0,3,2,2.4,0.0,8.0
3,[2],neardeg_linear,5,0,0,0,5,0,0,0,1,4,3.6,4.0,6.0
3,[2],neardeg_mono,5,0,0,0,5,0,0,0,3,2,1.6,0.0,4.0
3,[2],sparse,5,0,0,0,5,0,0,0,3,2,1.6,0.0,4.0
3,[2],symmetric,5,0,0,0,5,0,0,0,3,2,2.4,0.0,8.0
3,"[2,2]",generic,5,0,0,0,5,0,0,0,1,4,5.2,6.0,10.0
3,"[2,2]",neardeg_linear,5,0,0,0,5,0,0,0,3,2,2.4,0.0,10.0
3,"[2,2]",neardeg_mono,5,0,0,0,5,0,0,0,1,4,4.8,4.0,10.0
3,"[2,2]",sparse,5,2,0,0,3,0,0,0,1,2,3.3333333333333335,4.0,6.0
3,"[2,2]",symmetric,5,0,0,0,5,0,0,0,4,1,0.8,0.0,4.0
3,"[2,3]",generic,5,0,0,0,5,0,0,0,0,5,8.4,8.0,10.0
3,"[2,3]",neardeg_linear,5,0,0,0,5,0,0,0,0,5,6.0,6.0,8.0
3,"[2,3]",neardeg_mono,5,0,0,0,5,0,0,0,1,4,5.2,6.0,8.0
3,"[2,3]",sparse,5,1,0,0,4,0,0,0,1,3,5.5,6.0,10.0
3,"[2,3]",symmetric,5,0,0,0,5,0,0,0,0,5,8.4,8.0,10.0
3,"[2,4]",generic,5,0,0,0,5,0,0,0,0,5,8.4,8.0,14.0
3,"[2,4]",neardeg_linear,5,1,0,0,4,0,0,0,0,4,8.5,8.0,14.0
3,"[2,4]",neardeg_mono,5,1,0,0,4,0,0,0,0,4,11.0,11.0,16.0
3,"[2,4]",sparse,5,1,0,0,4,0,0,0,0,4,10.0,10.0,18.0
3,"[2,4]",symmetric,5,0,0,0,5,0,0,0,0,5,8.4,8.0,14.0
3,"[2,5]",generic,5,0,0,0,5,0,0,0,0,5,14.4,10.0,26.0
3,"[2,5]",neardeg_linear,5,0,0,0,5,0,0,0,1,4,7.6,8.0,14.0
3,"[2,5]",neardeg_mono,5,0,0,0,5,0,0,0,0,5,6.8,6.0,12.0
3,"[2,5]",sparse,5,0,0,0,5,0,0,0,1,4,9.6,10.0,20.0
3,"[2,5]",symmetric,5,0,0,0,5,0,0,0,0,5,14.4,10.0,26.0
3,[3],generic,5,0,0,0,5,0,0,0,0,5,19.6,20.0,24.0
3,[3],neardeg_linear,5,0,0,0,5,0,0,0,0,5,18.8,24.0,24.0
3,[3],neardeg_mono,5,0,0,0,5,0,0,0,0,5,12.0,12.0,14.0
3,[3],sparse,5,0,0,0,5,0,0,0,0,5,12.4,12.0,24.0
3,[3],symmetric,5,0,0,0,5,0,0,0,0,5,19.6,20.0,24.0
3,"[3,3]",generic,5,0,0,0,5,0,0,0,0,5,21.6,26.0,30.0
3,"[3,3]",neardeg_linear,5,0,0,0,5,0,0,0,0,5,12.0,12.0,14.0
3,"[3,3]",neardeg_mono,5,1,0,0,4,0,0,0,0,4,15.5,14.0,24.0
3,"[3,3]",sparse,5,1,0,0,4,0,0,0,0,4,11.5,11.0,16.0
3,"[3,3]",symmetric,5,0,0,0,5,0,0,0,0,5,15.2,16.0,24.0
3,"[3,4]",generic,5,0,0,0,5,0,0,0,0,5,19.6,18.0,32.0
3,"[3,4]",neardeg_linear,5,1,0,0,4,0,0,0,0,4,23.0,20.0,34.0
3,"[3,4]",neardeg_mono,5,0,0,0,5,0,0,0,0,5,21.6,18.0,42.0
3,"[3,4]",sparse,5,1,0,0,4,0,0,0,0,4,17.0,17.0,20.0
3,"[3,4]",symmetric,5,0,0,0,5,0,0,0,0,5,19.6,18.0,32.0
3,"[3,5]",generic,5,0,0,0,5,0,0,0,0,5,31.2,28.0,42.0
3,"[3,5]",neardeg_linear,5,0,0,0,5,0,0,0,0,5,23.6,24.0,34.0
3,"[3,5]",neardeg_mono,5,0,0,0,5,0,0,0,0,5,28.4,30.0,40.0
3,"[3,5]",sparse,5,1,0,0,4,0,0,0,0,4,23.0,25.0,28.0
3,"[3,5]",symmetric,5,0,0,0,5,0,0,0,0,5,31.2,28.0,42.0
3,[4],generic,5,0,0,0,5,0,0,0,0,5,39.6,38.0,46.0
3,[4],neardeg_linear,5,0,0,0,5,0,0,0,0,5,30.8,32.0,36.0
3,[4],neardeg_mono,5,0,0,0,5,0,0,0,1,4,24.8,30.0,36.0
3,[4],sparse,5,0,0,0,5,0,0,0,0,5,36.8,38.0,44.0
3,[4],symmetric,5,0,0,0,5,0,0,0,0,5,39.6,38.0,46.0
3,"[4,4]",generic,5,0,0,0,5,0,0,0,0,5,39.2,44.0,48.0
3,"[4,4]",neardeg_linear,5,1,0,0,4,0,0,0,0,4,21.5,24.0,28.0
3,"[4,4]",neardeg_mono,5,0,0,0,5,0,0,0,0,5,27.6,30.0,36.0
3,"[4,4]",sparse,5,1,0,0,4,0,0,0,0,4,37.5,32.0,58.0
3,"[4,4]",symmetric,5,0,0,0,5,0,0,0,0,5,37.2,34.0,54.0
3,"[4,5]",generic,5,0,0,0,5,0,0,0,0,5,52.4,48.0,70.0
3,"[4,5]",neardeg_linear,5,0,1,0,4,0,0,0,0,4,43.0,48.0,56.0
3,"[4,5]",neardeg_mono,5,0,1,0,4,0,0,0,0,4,32.0,34.0,46.0
3,"[4,5]",sparse,5,0,0,0,5,0,0,0,0,5,51.2,56.0,66.0
3,"[4,5]",symmetric,5,0,0,0,5,0,0,0,0,5,52.4,48.0,70.0
3,[5],generic,5,0,0,0,5,0,0,0,0,5,65.6,66.0,72.0
3,[5],neardeg_linear,5,0,0,0,5,0,0,0,0,5,68.0,66.0,92.0
3,[5],neardeg_mono,5,0,0,0,5,0,0,0,0,5,59.6,52.0,108.0
3,[5],sparse,5,0,0,0,5,0,0,0,0,5,64.0,58.0,88.0
3,[5],symmetric,5,0,0,0,5,0,0,0,0,5,65.6,66.0,72.0
3,"[5,5]",generic,5,0,0,0,5,0,0,0,0,5,59.6,56.0,80.0
3,"[5,5]",neardeg_linear,5,2,1,0,2,0,0,0,0,2,43.0,43.0,44.0
3,"[5,5]",neardeg_mono,5,0,0,0,5,0,0,0,0,5,49.6,58.0,74.0
3,"[5,5]",sparse,5,0,0,0,5,0,0,0,0,5,50.4,54.0,56.0
3,"[5,5]",symmetric,5,0,1,0,4,0,0,0,0,4,63.5,64.0,74.0
4,[2],generic,5,0,0,0,5,0,0,0,0,5,45.2,42.0,70.0
4,[2],neardeg_linear,5,0,0,0,5,0,0,0,0,5,24.0,26.0,28.0
4,[2],neardeg_mono,5,0,0,0,5,0,0,0,0,5,25.2,24.0,42.0
4,[2],sparse,5,0,0,0,5,0,0,0,0,5,21.2,22.0,26.0
4,[2],symmetric,5,0,0,0,5,0,0,0,0,5,45.2,42.0,70.0
4,"[2,2]",generic,5,0,1,0,4,0,0,0,0,4,38.5,39.0,50.0
4,"[2,2]",neardeg_linear,5,0,0,0,5,0,0,0,0,5,31.2,24.0,50.0
4,"[2,2]",neardeg_mono,5,0,0,0,5,0,0,0,0,5,20.8,22.0,30.0
4,"[2,2]",sparse,5,0,0,0,5,0,0,0,0,5,20.0,22.0,34.0
4,"[2,2]",symmetric,5,0,0,0,5,0,0,0,0,5,33.2,24.0,58.0
4,"[2,3]",generic,5,0,1,0,4,0,0,0,0,4,64.0,66.0,82.0
4,"[2,3]",neardeg_linear,5,0,0,0,5,0,0,0,0,5,58.0,44.0,118.0
4,"[2,3]",neardeg_mono,5,0,1,0,4,0,0,0,0,4,31.5,29.0,48.0
4,"[2,3]",sparse,5,0,0,0,5,0,0,0,0,5,72.8,70.0,118.0
4,"[2,3]",symmetric,5,0,0,0,5,0,0,0,0,5,64.4,66.0,82.0
4,"[2,4]",generic,5,0,2,0,3,0,0,0,0,3,135.33333333333334,102.0,230.0
4,"[2,4]",neardeg_linear,5,0,4,0,1,0,0,0,0,1,162.0,162.0,162.0
4,"[2,4]",neardeg_mono,5,0,1,0,4,0,0,0,0,4,77.0,82.0,114.0
4,"[2,4]",sparse,5,0,2,0,3,0,0,0,0,3,76.66666666666667,72.0,92.0
4,"[2,4]",symmetric,5,0,4,0,1,0,0,0,0,1,74.0,74.0,74.0
4,"[2,5]",generic,5,0,4,0,1,0,0,0,0,1,202.0,202.0,202.0
4,"[2,5]",neardeg_linear,5,0,3,0,2,0,0,0,0,2,173.0,173.0,292.0
4,"[2,5]",neardeg_mono,5,0,3,0,2,0,0,0,0,2,151.0,151.0,154.0
4,"[2,5]",sparse,5,0,2,0,3,0,0,0,0,3,152.66666666666666,168.0,184.0
4,"[2,5]",symmetric,5,0,2,0,3,0,0,0,0,3,212.66666666666666,202.0,306.0
4,[3],generic,5,0,0,0,5,0,0,0,0,5,154.0,126.0,240.0
4,[3],neardeg_linear,5,0,0,0,5,0,0,0,0,5,140.4,156.0,204.0
4,[3],neardeg_mono,5,0,0,0,5,0,0,0,0,5,155.6,152.0,240.0
4,[3],sparse,5,0,0,0,5,0,0,0,0,5,116.4,104.0,180.0
4,[3],symmetric,5,0,1,0,4,0,0,0,0,4,161.0,148.0,240.0
4,"[3,3]",generic,5,0,0,0,5,0,0,0,0,5,150.8,142.0,218.0
4,"[3,3]",neardeg_linear,5,0,3,0,2,0,0,0,0,2,184.0,184.0,190.0
4,"[3,3]",neardeg_mono,5,1,4,0,0,0,0,0,0,0,,,
4,"[3,3]",sparse,5,0,2,0,3,0,0,0,0,3,192.0,238.0,244.0
4,"[3,3]",symmetric,5,0,4,0,1,0,0,0,0,1,238.0,238.0,238.0
4,"[3,4]",generic,5,0,5,0,0,0,0,0,0,0,,,
4,"[3,4]",neardeg_linear,5,0,5,0,0,0,0,0,0,0,,,
4,"[3,4]",neardeg_mono,5,1,3,0,1,0,0,0,0,1,254.0,254.0,254.0
4,"[3,4]",sparse,5,0,4,0,1,0,0,0,0,1,306.0,306.0,306.0
4,"[3,4]",symmetric,5,0,5,0,0,0,0,0,0,0,,,
4,"[3,5]",generic,5,0,2,0,3,0,0,0,0,3,555.3333333333334,522.0,690.0
4,"[3,5]",sparse,3,0,3,0,0,0,0,0,0,0,,,
4,[4],generic,5,0,3,0,2,0,0,0,0,2,427.0,427.0,478.0
4,[4],neardeg_linear,5,0,3,0,2,0,0,0,0,2,530.0,530.0,578.0
4,[4],neardeg_mono,5,0,1,0,4,0,0,0,0,4,204.5,263.0,266.0
4,[4],sparse,5,0,3,0,2,0,0,0,0,2,358.0,358.0,380.0
4,[4],symmetric,5,0,3,0,2,0,0,0,0,2,427.0,427.0,478.0
4,[5],generic,5,0,4,0,1,0,0,0,0,1,754.0,754.0,754.0
4,[5],neardeg_linear,5,0,5,0,0,0,0,0,0,0,,,
4,[5],neardeg_mono,5,0,4,0,1,0,0,0,0,1,662.0,662.0,662.0
4,[5],sparse,5,0,4,0,1,0,0,0,0,1,404.0,404.0,404.0
4,[5],symmetric,5,0,3,0,2,0,0,0,0,2,579.0,579.0,754.0
